{"number_of_followers": 3231744, "average_params": {"tempo": 125.4862571428571, "acousticness": 0.25842596428571435, "danceability": 0.5314285714285715, "energy": 0.6417185714285712, "instrumentalness": 0.03436454585714285, "liveness": 0.19733571428571428, "loudness": -8.542414285714285, "valence": 0.5742}}